ticker,name,source
03986,兆易创新,sh
06809,澜起科技,sh
06166,剑桥科技,sh
01729,汇聚科技,sh
02595,劲方医药-B,sh
02513,智谱,sh
00981,中芯国际,sh
03200,大族数控,sh
01347,华虹宏力,sh
00992,联想集团,sh
03696,英矽智能,sh
06682,范式智能,sh
02715,埃斯顿,sh
02476,胜宏科技,sh
00763,中兴通讯,sh
00522,ASMPT,sh
00856,伟仕佳杰,sh
09678,云知声,sh
06099,招商证券,sh
02631,天岳先进,sh
09903,天数智芯,sh
06869,长飞光纤光缆,sh
02410,同源康医药-B,sh
07618,京东工业,sh
02676,纳芯微,sh
06821,凯莱英,sh
00501,豪威集团,sh
01688,领益智造,sh
00568,山东墨龙,sh
01989,广合科技,sh
01896,猫眼娱乐,sh
00148,建滔集团,sh
01177,中国生物制药,sh
06090,不同集团,sh
06666,恒大物业,sh
03396,联想控股,sh
06088,鸿腾精密,sh
02269,药明生物,sh
01675,亚信科技,sh
02701,国民技术,sh
02583,西普尼,sh
02007,碧桂园,sh
09611,龙旗科技,sh
00638,广和通,sh
02687,卓越睿新,sh
06082,壁仞科技,sh
01776,广发证券,sh
02603,吉宏股份,sh
02706,海致科技集团,sh
02096,先声药业,sh
06168,周六福,sh
03677,正力新能,sh
00999,小菜园,sh
06178,光大证券,sh
06066,中信建投证券,sh
06881,中国银河,sh
01883,中信国际电讯,sh
01083,港华智慧能源,sh
01797,东方甄选,sh
02268,药明合联,sh
00358,江西铜业股份,sh
01888,建滔积层板,sh
00016,新鸿基地产,sh
00006,电能实业,sh
00303,VTECH,sh
00551,裕元集团,sh
06886,华泰证券,sh
01033,中石化油服,sh
02359,药明康德,sh
03958,东方证券,sh
03800,协鑫科技,sh
02291,心泰医疗,sh
02228,晶泰控股,sh
02473,喜相逢集团,sh
02555,茶百道,sh
00165,中国光大控股,sh
02577,英诺赛科,sh
03750,宁德时代,sh
00467,联合能源集团,sh
06127,昭衍新药,sh
03360,远东宏信,sh
02038,富智康集团,sh
01456,国联民生,sh
03369,秦港股份,sh
00290,国富量子,sh
06030,中信证券,sh
03668,兖煤澳大利亚,sh
06806,申万宏源,sh
03898,时代电气,sh
02498,速腾聚创,sh
01081,大金重工,sh
00003,香港中华煤气,sh
02692,兆威机电,sh
01117,现代牧业,sh
02402,亿华通,sh
06613,蓝思科技,sh
00285,比亚迪电子,sh
02650,挚达科技,sh
03996,中国能源建设,sh
03908,中金公司,sh
00338,上海石油化工股份,sh
01415,高伟电子,sh
02533,黑芝麻智能,sh
02506,讯飞医疗科技,sh
01310,香港宽频,sh
02273,固生堂,sh
02714,牧原股份,sh
01038,长江基建集团,sh
00909,明源云,sh
02252,微创机器人-B,sh
02315,百奥赛图-B,sh
03268,美格智能,sh
02609,佰泽医疗,sh
00002,中电控股,sh
01921,达力普控股,sh
00880,澳博控股,sh
01876,百威亚太,sh
00136,中国儒意,sh
03969,中国通号,sh
01997,九龙仓置业,sh
01375,中州证券,sh
01057,浙江世宝,sh
00839,中教控股,sh
00173,嘉华国际,sh
01113,长实集团,sh
01877,君实生物,sh
00995,安徽皖通高速公路,sh
02611,国泰海通,sh
02313,申洲国际,sh
00345,VITASOY,sh
01478,丘钛科技,sh
03998,波司登,sh
01635,大众公用,sh
02018,瑞声科技,sh
00669,创科实业,sh
02162,康诺亚-B,sh
00300,美的集团,sh
02314,理文造纸,sh
00354,中国软件国际,sh
00553,南京熊猫电子股份,sh
00853,微创医疗,sh
01910,新秀丽,sh
09988,阿里巴巴-W,sh
03858,佳鑫国际资源,sh
01735,中环新能源,sh
09973,奇瑞汽车,sh
01304,FORTIOR,sh
06078,海吉亚医疗,sh
00066,港铁公司,sh
01836,九兴控股,sh
02460,华润饮料,sh
01801,信达生物,sh
03306,江南布衣,sh
03759,康龙化成,sh
00316,东方海外国际,sh
00001,长和,sh
01258,中国有色矿业,sh
02338,潍柴动力,sh
03678,弘业期货,sh
03380,龙光集团,sh
03339,中国龙工,sh
02866,中远海发,sh
02799,中信金融资产,sh
02629,MIRXES-B,sh
02627,中慧生物-B,sh
02157,乐普生物,sh
02068,中铝国际,sh
01907,中国旭阳集团,sh
01773,天立国际控股,sh
01691,JS环球生活,sh
01618,中国中冶,sh
01610,中粮家佳康,sh
01359,中国信达,sh
01065,天津创业环保股份,sh
01060,大麦娱乐,sh
00990,至源控股,sh
00941,中国移动,sh
00916,龙源电力,sh
00754,合生创展集团,sh
00699,均胜电子,sh
00588,北京北辰实业股份,sh
00390,中国中铁,sh
00323,马鞍山钢铁股份,sh
00270,粤海投资,sh
00005,汇丰控股,sh
09688,再鼎医药,sh
00883,中国海洋石油,sh
06067,星源材质,sh
00177,江苏宁沪高速公路,sh
02285,泉峰控股,sh
00811,新华文轩,sh
02652,长风药业,sh
01093,石药集团,sh
00659,周大福创建,sh
02192,医脉通,sh
02675,精锋医疗-B,sh
06865,福莱特玻璃,sh
02586,多点数智,sh
00762,中国联通,sh
02388,中银香港,sh
00772,阅文集团,sh
02378,保诚,sh
00041,鹰君,sh
01919,中远海控,sh
09927,赛力斯,sh
00728,中国电信,sh
09969,诺诚健华,sh
01548,金斯瑞生物科技,sh
00023,东亚银行,sh
09989,海普瑞,sh
00386,中国石油化工股份,sh
02618,京东物流,sh
00666,瑞浦兰钧,sh
01044,恒安国际,sh
00388,香港交易所,sh
00200,新濠国际发展,sh
03347,泰格医药,sh
02883,中海油田服务,sh
09690,途虎-W,sh
01952,云顶新耀,sh
02602,万物云,sh
02579,中伟新材,sh
02057,中通快递-W,sh
01816,中广核电力,sh
02565,派格生物医药-B,sh
02158,医渡科技,sh
00142,第一太平,sh
00836,华润电力,sh
02202,万科企业,sh
01681,康臣药业,sh
03808,中国重汽,sh
00135,昆仑能源,sh
02016,浙商银行,sh
00639,首钢资源,sh
00010,恒隆集团,sh
00014,希慎兴业,sh
00087,太古股份公司B,sh
02628,中国人寿,sh
00968,信义光能,sh
09658,特海国际,sh
02591,银诺医药-B,sh
01585,雅迪控股,sh
06963,阳光保险,sh
02172,微创脑科学,sh
01828,富卫集团,sh
01385,上海复旦,sh
09999,网易,sh
01686,新意网集团,sh
00868,信义玻璃,sh
00590,六福集团,sh
01277,力量发展,sh
01186,中国铁建,sh
01088,中国神华,sh
02865,钧达股份,sh
02050,三花智控,sh
03698,徽商银行,sh
00187,京城机电股份,sh
09880,优必选,sh
00570,中国中药,sh
01361,361度,sh
02888,渣打集团,sh
00008,电讯盈科,sh
00325,布鲁可,sh
00975,MONGOL,sh
03633,中裕能源,sh
00788,中国铁塔,sh
01800,中国交通建设,sh
01377,鼎泰高科,sh
00576,浙江沪杭甬,sh
00826,天工国际,sh
03738,阜博集团,sh
00392,北京控股,sh
01349,复旦张江,sh
00934,中石化冠德,sh
00867,康哲药业,sh
01783,晋景新能,sh
02282,美高梅中国,sh
02666,环球医疗,sh
00857,中国石油股份,sh
02669,中海物业,sh
00902,华能国际电力股份,sh
01138,中远海能,sh
00525,广深铁路股份,sh
01811,中广核新能源,sh
00384,中国燃气,sh
06990,科伦博泰生物,sh
06808,高鑫零售,sh
06160,百济神州,sh
00308,香港中旅,sh
06683,巨星传奇,sh
02386,中石化炼化工程,sh
00512,远大医药,sh
01788,国泰君安国际,sh
02343,太平洋航运,sh
00598,中国外运,sh
00586,海螺创业,sh
00291,华润啤酒,sh
02691,南华期货股份,sh
06818,中国光大银行,sh
02869,绿城服务,sh
06826,昊海生物科技,sh
01333,博雷顿,sh
01528,红星美凯龙,sh
00288,万洲国际,sh
01276,恒瑞医药,sh
01071,华电国际电力股份,sh
03613,同仁堂国药,sh
00548,深圳高速公路股份,sh
00683,嘉里建设,sh
01766,中国中车,sh
01475,日清食品,sh
01112,H&H国际控股,sh
02688,新奥能源,sh
03868,信义能源,sh
01193,华润燃气,sh
09660,地平线机器人-W,sh
02319,蒙牛乳业,sh
06196,郑州银行,sh
01053,重庆钢铁股份,sh
00895,东江环保,sh
06098,碧桂园服务,sh
02600,中国铝业,sh
09633,农夫山泉,sh
03899,中集安瑞科,sh
06049,保利物业,sh
02423,贝壳-W,sh
01164,中广核矿业,sh
01929,周大福,sh
06687,聚水潭,sh
01199,中远海运港口,sh
00552,中国通信服务,sh
01428,耀才证券金融,sh
00101,恒隆地产,sh
00019,太古股份公司A,sh
01208,五矿资源,sh
03393,威胜控股,sh
02005,石四药集团,sh
01108,凯盛新能,sh
00371,北控水务集团,sh
09858,优然牧业,sh
00914,海螺水泥,sh
02858,易鑫集团,sh
00697,首程控股,sh
02233,西部水泥,sh
06186,中国飞鹤,sh
03866,青岛银行,sh
02493,迈威生物-B,sh
02431,佑驾创新,sh
01810,小米集团-W,sh
01196,伟禄科技股份,sh
01308,海丰国际,sh
03988,中国银行,sh
01898,中煤能源,sh
02510,德翔海运,sh
03888,金山软件,sh
01302,先健科技,sh
02899,紫金矿业,sh
01972,太古地产,sh
00020,商汤-W,sh
00322,康师傅控股,sh
02020,安踏体育,sh
00083,信和置业,sh
02880,辽港股份,sh
01030,新城发展,sh
01658,邮储银行,sh
01405,达势股份,sh
02026,小马智行-W,sh
09911,赤子城科技,sh
02607,上海医药,sh
02419,德康农牧,sh
00604,深圳控股,sh
02186,绿叶制药,sh
00107,四川成渝高速公路,sh
00267,中信股份,sh
01157,中联重科,sh
00363,上海实业控股,sh
00874,白云山,sh
00152,深圳国际,sh
02318,中国平安,sh
01072,东方电气,sh
06680,金力永磁,sh
02556,迈富时,sh
06955,博安生物,sh
00336,华宝国际,sh
02013,微盟集团,sh
00819,天能动力,sh
01918,融创中国,sh
02357,中航科工,sh
00440,大新金融,sh
00991,大唐发电,sh
06993,蓝月亮集团,sh
02643,曹操出行,sh
00636,KLN,sh
01882,海天国际,sh
03328,交通银行,sh
02382,舜宇光学科技,sh
09995,荣昌生物,sh
02009,金隅集团,sh
00347,鞍钢股份,sh
00855,中国水务,sh
00696,中国民航信息网络,sh
02698,乐舒适,sh
02380,中国电力,sh
06655,华新建材,sh
02588,中银航空租赁,sh
02575,轩竹生物-B,sh
01772,赣锋锂业,sh
00700,腾讯控股,sh
03877,中国船舶租赁,sh
01579,颐海国际,sh
03288,海天味业,sh
00220,统一企业中国,sh
01052,越秀交通基建,sh
01128,永利澳门,sh
01187,可孚医疗,sh
01951,锦欣生殖,sh
09981,沃尔核材,sh
03968,招商银行,sh
09926,康方生物,sh
02889,博泰车联,sh
00144,招商局港口,sh
06862,海底捞,sh
01109,华润置地,sh
06198,青岛港,sh
09987,百胜中国,sh
02601,中国太保,sh
02196,复星医药,sh
01963,重庆银行,sh
09985,卫龙美味,sh
01070,TCL电子,sh
03939,万国黄金集团,sh
06693,赤峰黄金,sh
02432,越疆,sh
02171,科济药业-B,sh
06936,顺丰控股,sh
00667,中国东方教育,sh
00257,光大环境,sh
03606,福耀玻璃,sh
01368,特步国际,sh
00506,中国食品,sh
02039,中集集团,sh
01336,新华保险,sh
06600,卧安机器人,sh
01299,友邦保险,sh
02232,晶苑国际,sh
01398,工商银行,sh
00004,九龙仓集团,sh
03320,华润医药,sh
01209,华润万象生活,sh
09606,映恩生物-B,sh
00168,青岛啤酒股份,sh
01316,耐世特,sh
06031,三一重工,sh
02356,大新银行集团,sh
06185,康希诺生物,sh
03317,迅策,sh
02525,禾赛-W,sh
01880,中国中免,sh
01999,敏华控股,sh
00241,阿里健康,sh
00631,三一国际,sh
02665,图达通,sh
09699,顺丰同城,sh
01339,中国人民保险集团,sh
02570,重塑能源,sh
01789,爱康医疗,sh
01988,民生银行,sh
02655,果下科技,sh
06603,IFBH,sh
01330,绿色动力环保,sh
06855,亚盛医药,sh
01288,农业银行,sh
09868,小鹏集团-W,sh
02208,金风科技,sh
00012,恒基地产,sh
00939,建设银行,sh
06979,珍酒李渡,sh
02659,宝济药业-B,sh
06618,京东健康,sh
01928,金沙中国有限公司,sh
02877,神威药业,sh
00966,中国太平,sh
06055,中烟香港,sh
01818,招金矿业,sh
02589,沪上阿姨,sh
09890,贪玩,sh
09636,九方智投控股,sh
06690,海尔智家,sh
02768,国恩科技,sh
09899,网易云音乐,sh
00081,中国海外宏洋集团,sh
03311,中国建筑国际,sh
02727,上海电气,sh
00751,创维集团,sh
09887,维立志博-B,sh
00688,中国海外发展,sh
03323,中国建材,sh
00470,先导智能,sh
03618,重庆农村商业银行,sh
09993,金辉控股,sh
00038,第一拖拉机股份,sh
01860,汇量科技,sh
00719,山东新华制药股份,sh
03933,联邦制药,sh
00013,和黄医药,sh
00656,复星国际,sh
01171,兖矿能源,sh
03881,希迪智驾,sh
00998,中信银行,sh
02333,长城汽车,sh
02367,巨子生物,sh
01313,华润建材科技,sh
00017,新世界发展,sh
00800,文远知行-W,sh
09992,泡泡玛特,sh
00564,中创智领,sh
03918,金界控股,sh
02610,南山铝业国际,sh
02637,海西新药,sh
00956,新天绿色能源,sh
03690,美团-W,sh
00817,中国金茂,sh
09896,名创优品,sh
00546,阜丰集团,sh
01066,威高股份,sh
01099,国药控股,sh
02276,康耐特光学,sh
03896,金山云,sh
00027,银河娱乐,sh
03993,洛阳钼业,sh
01513,丽珠医药,sh
09696,天齐锂业,sh
02099,中国黄金国际,sh
01384,滴普科技,sh
02238,广汽集团,sh
02155,森松国际,sh
02582,国富氢能,sh
01055,中国南方航空股份,sh
03692,翰森制药,sh
06069,盛业,sh
06110,滔搏,sh
06060,众安在线,sh
00921,海信家电,sh
00123,越秀地产,sh
02507,西锐,sh
02689,玖龙纸业,sh
01908,建发国际集团,sh
00317,中船防务,sh
00460,四环医药,sh
02128,中国联塑,sh
03296,华勤技术,sh
00179,德昌电机控股,sh
06651,五一视界,sh
02656,健康160,sh
00189,东岳集团,sh
00780,同程旅行,sh
02015,理想汽车-W,sh
00917,趣致集团,sh
01211,比亚迪股份,sh
00151,中国旺旺,sh
00293,国泰航空,sh
00297,中化化肥,sh
06681,脑动极光-B,sh
03931,中创新航,sh
02617,药捷安康-B,sh
01114,华晨中国,sh
06969,思摩尔国际,sh
02331,李宁,sh
02328,中国财险,sh
00425,敏实集团,sh
00119,保利置业集团,sh
01530,三生制药,sh
01357,美图公司,sh
02097,蜜雪集团,sh
01768,鸣鸣很忙,sh
02562,狮腾控股,sh
02259,紫金黄金国际,sh
09626,哔哩哔哩-W,sh
09863,零跑汽车,sh
01024,快手-W,sh
00960,龙湖集团,sh
00881,中升控股,sh
01787,山东黄金,sh
01378,中国宏桥,sh
01833,平安好医生,sh
03900,绿城中国,sh
00268,金蝶国际,sh
00175,吉利汽车,sh
02788,创新实业,sh
02145,上美股份,sh
06699,时代天使,sh
02218,安德利果汁,sh
02580,奥克斯电气,sh
01858,春立医疗,sh
02635,诺比侃,sh
03330,灵宝黄金,sh
06181,老铺黄金,sh
01519,极兔速递-W,sh
02648,安井食品,sh
02718,明略科技-W,sh
00670,中国东方航空股份,sh
02661,轻松健康,sh
02255,海昌海洋公园,sh
02685,量化派,sh
09980,东鹏饮料,sh
02517,锅圈,sh
02590,极智嘉-W,sh
02587,健康之路,sh
01364,古茗,sh
02465,龙蟠科技,sh
02477,经纬天地,sh
00753,中国国航,sh
01318,毛戈平,sh
02400,心动公司,sh
00537,普源精电,sh
